grupo,prateleira,paginas
G1,P1,300
G1,P1,385
G1,P1,243
G1,P1,243
G1,P1,337
G1,P1,466
G1,P1,290
G1,P1,290
G1,P2,310
G1,P2,144
G1,P2,340
G1,P2,145
G1,P2,338
G1,P2,155
G1,P2,158
G1,P2,158
G1,P3,102
G1,P3,351
G1,P3,681
G1,P3,180
G1,P3,247
G1,P3,249
G1,P3,249
G1,P3,249
G2,P1,430
G2,P1,369
G2,P1,113
G2,P1,430
G2,P1,428
G2,P1,711
G2,P1,427
G2,P1,430
G2,P2,321
G2,P2,379
G2,P2,379
G2,P2,223
G2,P2,372
G2,P2,379
G2,P2,379
G2,P2,489
G2,P3,426
G2,P3,426
G2,P3,106
G2,P3,426
G2,P3,426
G2,P3,426
G2,P3,417
G2,P3,345
G3,P1,155
G3,P1,770
G3,P1,781
G3,P1,381
G3,P1,276
G3,P1,252
G3,P1,723
G3,P1,503
G3,P2,735
G3,P2,120
G3,P2,209
G3,P2,357
G3,P2,91
G3,P2,411
G3,P2,430
G3,P2,151
G3,P3,188
G3,P3,339
G3,P3,366
G3,P3,94
G3,P3,237
G3,P3,142
G3,P3,185
G3,P3,429
G4,P1,124
G4,P1,287
G4,P1,124
G4,P1,124
G4,P1,287
G4,P1,120
G4,P1,124
G4,P1,124
G4,P2,644
G4,P2,644
G4,P2,308
G4,P2,802
G4,P2,487
G4,P2,447
G4,P2,487
G4,P2,333
G4,P3,430
G4,P3,430
G4,P3,430
G4,P3,430
G4,P3,409
G4,P3,430
G4,P3,311
G4,P3,428
